whisper,llm,setup_name,audio_file,n_runs,transcription_time_mean,transcription_time_std,llm_time_mean,llm_time_std,total_time_mean,total_time_std,wall_time_mean,wall_time_std
base.en,phi3:mini,whisper:base.en + llm:phi3:mini,sample_a.wav,3,4.054938236872355,1.4955683792762642,0.01388088862101237,0.012239998918873037,4.068827311197917,1.5071583574357221,4.095317443211873,1.5082509067035028
base.en,phi3:mini,whisper:base.en + llm:phi3:mini,sample_b.wav,3,2.848825375239054,0.01673290878642522,0.007770458857218425,0.008911439736476132,2.856597820917765,0.02467267803940363,2.8807082970937095,0.027503170358407877
base.en,phi3:mini,whisper:base.en + llm:phi3:mini,sample_c.wav,3,3.030006170272827,0.3702189735415483,0.011737505594889322,0.013797655096320747,3.041748285293579,0.38325234221746485,3.0612196922302246,0.39285252086372774
