whisper,llm,setup_name,audio_file,n_runs,transcription_time_mean,transcription_time_std,llm_time_mean,llm_time_std,total_time_mean,total_time_std,wall_time_mean,wall_time_std
base.en,gemma3:4b,whisper:base.en + llm:gemma3:4b,sample_a.wav,3,2.816394090652466,0.04005637256089922,0.0025254090627034507,0.0008051664871106377,2.8189207712809243,0.0393418542468346,2.8631048997243247,0.08037846337358495
base.en,gemma3:4b,whisper:base.en + llm:gemma3:4b,sample_b.wav,3,2.6710007190704346,0.1084878196486911,0.0044422149658203125,0.0018661222466558518,2.675445238749186,0.11029248487709432,2.6835744380950928,0.1100928449118598
base.en,gemma3:4b,whisper:base.en + llm:gemma3:4b,sample_c.wav,3,2.9287517070770264,0.03607153962484933,0.002742131551106771,0.0014121578596895084,2.9314960638682046,0.03543893171941559,2.941291014353434,0.037235647215313965
