whisper,llm,setup_name,audio_file,n_runs,transcription_time_mean,transcription_time_std,llm_time_mean,llm_time_std,total_time_mean,total_time_std,wall_time_mean,wall_time_std
base.en,gemma:2b,whisper:base.en + llm:gemma:2b,sample_a.wav,3,3.4495124022165933,0.1879028753778239,9.784042199452719,5.216229294079678,13.233560482660929,5.257993927400903,13.298983414967855,5.270695568054201
base.en,gemma:2b,whisper:base.en + llm:gemma:2b,sample_b.wav,3,3.266694704691569,0.3364201428285766,5.472425937652588,1.4061584126597861,8.739128351211548,1.6827122064325142,8.7795729637146,1.6784163791939053
base.en,gemma:2b,whisper:base.en + llm:gemma:2b,sample_c.wav,3,3.273249626159668,0.13804240109670954,1.767898400624593,0.17144971139825238,5.041157166163127,0.22551068772832034,5.107075214385986,0.19794569734505835
